{"cameraMode":{"drawMode":0,"name":"Shaded","section":"Shading Mode"},"sceneLighting":true,"audioPlay":false,"sceneViewState":{"showFog":true,"showMaterialUpdate":false,"showSkybox":true,"showFlares":true,"showImageEffects":true,"showParticleSystems":true},"in2DMode":false,"pivot":{"x":10.5203218460083,"y":0.23906898498535157,"z":7.065801620483398},"rotation":{"x":-0.20700615644454957,"y":-0.204599067568779,"z":0.04431760311126709,"w":-0.9556852579116821},"size":29.384300231933595,"orthographic":false}