{"cameraMode":{"drawMode":0,"name":"Shaded","section":"Shading Mode"},"sceneLighting":true,"audioPlay":false,"sceneViewState":{"showFog":true,"showMaterialUpdate":false,"showSkybox":true,"showFlares":true,"showImageEffects":true,"showParticleSystems":true},"in2DMode":false,"pivot":{"x":7.490015029907227,"y":-10.389785766601563,"z":-2.6875686645507814},"rotation":{"x":-0.0031030122190713884,"y":0.9718921184539795,"z":-0.23506861925125123,"w":-0.012828648090362549},"size":57.43601608276367,"orthographic":false}